<?xml version="1.0"?>
<!--
/**
 * MageSpecialist
 *
 * NOTICE OF LICENSE
 *
 * This source file is subject to the Open Software License (OSL 3.0)
 * that is bundled with this package in the file LICENSE.txt.
 * It is also available through the world-wide-web at this URL:
 * http://opensource.org/licenses/osl-3.0.php
 * If you did not receive a copy of the license and are unable to
 * obtain it through the world-wide-web, please send an email
 * to info@magespecialist.it so we can send you a copy immediately.
 *
 * @category   MSP
 * @package    MSP_APIBoost
 * @copyright  Copyright (c) 2017 Skeeller srl (http://www.magespecialist.it)
 * @license    http://opensource.org/licenses/osl-3.0.php  Open Software License (OSL 3.0)
 */
-->
<config xmlns:xsi="http://www.w3.org/2001/XMLSchema-instance"
        xsi:noNamespaceSchemaLocation="urn:magento:framework:ObjectManager/etc/config.xsd">

    <preference for="MSP\APIBoost\Api\CacheManagementInterface" type="MSP\APIBoost\Model\CacheManagement" />
    <type name="MSP\APIBoost\Api\CacheManagementInterface">
        <arguments>
            <argument name="paths" xsi:type="array">
                <item name="products" xsi:type="string">^\/V1\/products</item>
                <item name="categories" xsi:type="string">^\/V1\/categories</item>
            </argument>
            <argument name="ttls" xsi:type="array">
                <item name="products" xsi:type="number">3600</item>
                <item name="categories" xsi:type="number">7200</item>
            </argument>
            <argument name="tags" xsi:type="array">
                <item name="products" xsi:type="object">MSP\APIBoost\Model\TagProcessor\Product</item>
                <item name="categories" xsi:type="object">MSP\APIBoost\Model\TagProcessor\Category</item>
            </argument>
            <argument name="keys" xsi:type="array">
                <item name="base" xsi:type="object">MSP\APIBoost\Model\KeyProcessor\Base</item>
                <item name="customer" xsi:type="object">MSP\APIBoost\Model\KeyProcessor\Customer</item>
            </argument>
        </arguments>
    </type>
    <type name="Magento\Framework\AppInterface">
        <plugin sortOrder="1" name="mSPAPIBoostAppInterface" type="MSP\APIBoost\Plugin\AppInterfacePlugin"/>
    </type>
</config>
