<?xml version="1.0" ?>
<!--
/**
 * Pmclain_Stripe extension
 * NOTICE OF LICENSE
 *
 * This source file is subject to the OSL 3.0 License
 * that is bundled with this package in the file LICENSE.txt.
 * It is also available through the world-wide-web at this URL:
 * https://opensource.org/licenses/osl-3.0.php
 *
 * @category  Pmclain
 * @package   Pmclain_Stripe
 * @copyright Copyright (c) 2017-2018
 * @license   Open Software License (OSL 3.0)
 */
-->
<config xmlns:xsi="http://www.w3.org/2001/XMLSchema-instance" xsi:noNamespaceSchemaLocation="urn:magento:framework:ObjectManager/etc/config.xsd">
  <type name="Pmclain\Stripe\Block\Info">
    <arguments>
      <argument name="data" xsi:type="array">
        <item xsi:type="string" name="is_secure_mode">0</item>
      </argument>
    </arguments>
  </type>
  <type name="Magento\Vault\Model\Ui\Adminhtml\TokensConfigProvider">
    <arguments>
      <argument name="tokenUiComponentProviders" xsi:type="array">
        <item name="pmclain_stripe" xsi:type="object">Pmclain\Stripe\Model\Ui\Adminhtml\TokenUiComponentProvider</item>
      </argument>
    </arguments>
  </type>

  <!-- Admin Payment Config -->
  <virtualType name="StripeVaultAuthorizeRequest" type="Magento\Payment\Gateway\Request\BuilderComposite">
    <arguments>
      <argument name="builders" xsi:type="array">
        <item name="payment" xsi:type="string">Pmclain\Stripe\Gateway\Request\PaymentDataBuilder\Vault\Admin</item>
        <item name="address" xsi:type="string">Pmclain\Stripe\Gateway\Request\AddressDataBuilder</item>
      </argument>
    </arguments>
  </virtualType>
  <virtualType name="StripeAuthorizeRequest" type="Magento\Payment\Gateway\Request\BuilderComposite">
    <arguments>
      <argument name="builders" xsi:type="array">
        <item name="payment" xsi:type="string">Pmclain\Stripe\Gateway\Request\PaymentDataBuilder\Admin</item>
        <item name="address" xsi:type="string">Pmclain\Stripe\Gateway\Request\AddressDataBuilder</item>
        <!--<item name="vault" xsi:type="string">Pmclain\Stripe\Gateway\Request\VaultDataBuilder</item>-->
      </argument>
    </arguments>
  </virtualType>
</config>