<?xml version="1.0"?>
<!--
/**
 * Mageplaza
 *
 * NOTICE OF LICENSE
 *
 * This source file is subject to the mageplaza.com license that is
 * available through the world-wide-web at this URL:
 * https://mageplaza.com/LICENSE.txt
 *
 * DISCLAIMER
 *
 * Do not edit or add to this file if you wish to upgrade this extension to newer
 * version in the future.
 *
 * @category    Mageplaza
 * @package     Mageplaza_Smtp
 * @copyright   Copyright (c) 2017 Mageplaza (https://www.mageplaza.com/)
 * @license     http://mageplaza.com/LICENSE.txt
 */
-->
<config xmlns:xsi="http://www.w3.org/2001/XMLSchema-instance" xsi:noNamespaceSchemaLocation="urn:magento:framework:Acl/etc/acl.xsd">
    <acl>
        <resources>
            <resource id="Magento_Backend::admin">
                <resource id="Magento_Backend::stores">
                    <resource id="Magento_Backend::stores_settings">
                        <resource id="Magento_Config::config">
                            <resource id="Mageplaza_Smtp::configuration" title="Mageplaza Smtp Module" sortOrder="1" />
                        </resource>
                    </resource>
                </resource>
                <resource id="Mageplaza_Core::menu">
                    <resource id="Mageplaza_Smtp::smtp" title="Mageplaza Smtp" translate="title" sortOrder="10">
                        <resource id="Mageplaza_Smtp::log" title="Emails Log" translate="title" sortOrder="10" />
                        <resource id="Mageplaza_Smtp::configuration_smtp" title="Configuration" sortOrder="20"/>
                    </resource>
                </resource>
            </resource>
        </resources>
    </acl>
</config>
