<?xml version="1.0" ?>
<!--
/**
 * Mageplaza
 *
 * NOTICE OF LICENSE
 *
 * This source file is subject to the mageplaza.com license that is
 * available through the world-wide-web at this URL:
 * https://mageplaza.com/LICENSE.txt
 *
 * DISCLAIMER
 *
 * Do not edit or add to this file if you wish to upgrade this extension to newer
 * version in the future.
 *
 * @category    Mageplaza
 * @package     Mageplaza_Smtp
 * @copyright   Copyright (c) 2017 Mageplaza (https://www.mageplaza.com/)
 * @license     http://mageplaza.com/LICENSE.txt
 */
-->
<config xmlns:xsi="http://www.w3.org/2001/XMLSchema-instance" xsi:noNamespaceSchemaLocation="urn:magento:framework:ObjectManager/etc/config.xsd">
    <type name="Magento\Framework\Mail\TransportInterface">
        <plugin name="Mageplaza_Smtp_Plugin_Magento_Framework_Mail_Transport" sortOrder="10" type="Mageplaza\Smtp\Plugin\Magento\Framework\Mail\Transport"/>
    </type>

    <type name="Magento\Framework\Mail\Message">
        <plugin name="Mageplaza_Smtp_Plugin_Magento_Framework_Mail_Message" sortOrder="10" type="Mageplaza\Smtp\Plugin\Magento\Framework\Mail\Message"/>
    </type>

    <type name="Magento\Framework\View\Element\UiComponent\DataProvider\CollectionFactory">
        <arguments>
            <argument name="collections" xsi:type="array">
                <item name="mageplaza_smtp_emails_log_grid_data_source" xsi:type="string">MageplazaSmtpGridCollection</item>
            </argument>
        </arguments>
    </type>

    <virtualType name="MageplazaSmtpGirdFilterPool" type="Magento\Framework\View\Element\UiComponent\DataProvider\FilterPool">
        <arguments>
            <argument name="appliers" xsi:type="array">
                <item name="regular" xsi:type="object">Magento\Framework\View\Element\UiComponent\DataProvider\RegularFilter</item>
                <item name="fulltext" xsi:type="object">Magento\Framework\View\Element\UiComponent\DataProvider\FulltextFilter</item>
            </argument>
        </arguments>
    </virtualType>
    <virtualType name="MageplazaSmtpGridDataProvider" type="Magento\Framework\View\Element\UiComponent\DataProvider\DataProvider">
        <arguments>
            <argument name="collection" xsi:type="object" shared="false">Mageplaza\Smtp\Model\ResourceModel\Log\Collection</argument>
            <argument name="filterPool" xsi:type="object" shared="false">MageplazaSmtpGirdFilterPool</argument>
        </arguments>
    </virtualType>
    <virtualType name="MageplazaSmtpGridCollection" type="Magento\Framework\View\Element\UiComponent\DataProvider\SearchResult">
        <arguments>
            <argument name="mainTable" xsi:type="string">mageplaza_smtp_log</argument>
            <argument name="resourceModel" xsi:type="string">Mageplaza\Smtp\Model\ResourceModel\Log</argument>
        </arguments>
    </virtualType>
</config>
