<?xml version="1.0"?>
<!--
/**
 * Mageplaza
 *
 * NOTICE OF LICENSE
 *
 * This source file is subject to the mageplaza.com license that is
 * available through the world-wide-web at this URL:
 * https://mageplaza.com/LICENSE.txt
 *
 * DISCLAIMER
 *
 * Do not edit or add to this file if you wish to upgrade this extension to newer
 * version in the future.
 *
 * @category    Mageplaza
 * @package     Mageplaza_Smtp
 * @copyright   Copyright (c) 2017 Mageplaza (https://www.mageplaza.com/)
 * @license     http://mageplaza.com/LICENSE.txt
 */
-->
<config xmlns:xsi="http://www.w3.org/2001/XMLSchema-instance" xsi:noNamespaceSchemaLocation="urn:magento:module:Magento_Config:etc/system_file.xsd">
    <system>
        <section id="smtp" translate="label" type="text" sortOrder="300" showInDefault="1" showInWebsite="1" showInStore="1">
            <label>SMTP</label>
            <tab>mageplaza</tab>
            <resource>Mageplaza_Smtp::configuration</resource>
            <group id="general" translate="label" type="text" sortOrder="10" showInDefault="1" showInWebsite="1" showInStore="1">
                <label>General Configuration</label>
                <field id="enabled" translate="label comment" type="select" sortOrder="10" showInDefault="1" showInWebsite="1" showInStore="1">
                    <label>Enable Mageplaza SMTP</label>
                    <source_model>Magento\Config\Model\Config\Source\Yesno</source_model>
                    <comment>Mageplaza SMTP is compatible with default Magento SMTP and other email modules.
                        <![CDATA[It helps to reduce abandonment cart with <a href="https://www.mageplaza.com/magento-2-one-step-checkout-extension/" target="_blank">One Step Checkout</a>. Fully compatible with <a href="https://www.mageplaza.com/magento-2-abandoned-cart-email/" target="_blank">Abandoned Cart Email</a>]]>
                    </comment>
                </field>
            </group>
            <group id="configuration_option" translate="label" type="text" sortOrder="20" showInDefault="1" showInWebsite="1" showInStore="1">
                <label>SMTP Configuration Options</label>
                <field id="provider" translate="label comment button_label" type="select" sortOrder="10" showInDefault="1" showInWebsite="1" showInStore="1">
                    <label>SMTP Provider</label>
                    <button_label>Load SMTP Settings</button_label>
                    <frontend_model>Mageplaza\Smtp\Block\Adminhtml\System\Config\Provider</frontend_model>
                    <comment>Select a Pre-defined SMTP Server</comment>
                </field>
                <field id="host" translate="label comment" type="text" sortOrder="20" showInDefault="1" showInWebsite="1" showInStore="1">
                    <label>Host</label>
                    <comment>Support Host name and ID Address</comment>
                </field>
                <field id="port" translate="label comment" type="text" sortOrder="30" showInDefault="1" showInWebsite="1" showInStore="1">
                    <label>Port</label>
                    <comment>Default ports: 25, 465, or 587. Port 465 (SSL required), Port 587 (TLS required)</comment>
                </field>
                <field id="authentication" translate="label" type="select" sortOrder="40" showInDefault="1" showInWebsite="1" showInStore="1">
                    <label>Authentication</label>
                    <source_model>Mageplaza\Smtp\Model\Config\Source\Authentication</source_model>
                </field>
                <field id="username" translate="label" type="text" sortOrder="60" showInDefault="1" showInWebsite="1" showInStore="1">
                    <label>Username</label>
                </field>
                <field id="password" translate="label" type="obscure" sortOrder="70" showInDefault="1" showInWebsite="1" showInStore="1">
                    <label>Password</label>
                    <backend_model>Magento\Config\Model\Config\Backend\Encrypted</backend_model>
                </field>
                <field id="protocol" translate="label comment" type="select" sortOrder="80" showInDefault="1" showInWebsite="1" showInStore="1">
                    <label>Protocol</label>
                    <source_model>Mageplaza\Smtp\Model\Config\Source\Protocol</source_model>
                    <comment>We recommend use security connections: SSL or TLS. Secure Socket Layer (SSL), Transport Layer Security (TLS) protocols.</comment>
                </field>
                <field id="return_path_email" translate="label comment" type="text" sortOrder="90" showInDefault="1" showInWebsite="1" showInStore="1">
                    <label>Return-Path Email</label>
                    <comment>Leave empty to ignore it.</comment>
                    <validate>validate-email</validate>
                </field>
                <field id="test_email" translate="label button_label" sortOrder="100" showInDefault="1" showInWebsite="1" showInStore="1">
                    <label>Test Email Recipient</label>
                    <button_label>Test Now</button_label>
                    <frontend_model>Mageplaza\Smtp\Block\Adminhtml\System\Config\Testemail</frontend_model>
                </field>
            </group>
            <group id="cleaner" translate="label" type="text" sortOrder="30" showInDefault="1" showInWebsite="1" showInStore="1">
                <label>Schedule Log Cleaner</label>
                <field id="clean_email" translate="label comment" type="text" sortOrder="10" showInDefault="1" showInWebsite="1" showInStore="1">
                    <label>Clean Email Log Every</label>
                    <validate>validate-number validate-zero-or-greater</validate>
                    <comment>Day(s). Default: 10. To keep them, set to 0. It will clean Email log after X day(s).</comment>
                </field>
            </group>
            <group id="developer" translate="label" type="text" sortOrder="40" showInDefault="1" showInWebsite="1" showInStore="1">
                <label>Developer</label>
                <field id="log_email" translate="label comment" type="select" sortOrder="10" showInDefault="1" showInWebsite="1" showInStore="1">
                    <label>Log Emails</label>
                    <source_model>Magento\Config\Model\Config\Source\Yesno</source_model>
                    <comment>It will log all sent emails, you can preview it and schedule clean up.</comment>
                </field>
                <field id="developer_mode" translate="label comment" type="select" sortOrder="20" showInDefault="1" showInWebsite="1" showInStore="1">
                    <label>Developer Mode</label>
                    <source_model>Magento\Config\Model\Config\Source\Yesno</source_model>
                    <comment>If Enable, Magento will not delivery any email to receiver. This is useful for developers.</comment>
                </field>
            </group>
        </section>
    </system>
</config>
