<?xml version="1.0" ?>
<!--
/**
 * Copyright © MagePal LLC. All rights reserved.
 * See COPYING.txt for license details.
 * http://www.magepal.com | support@magepal.com
 */
-->
<config xmlns:xsi="http://www.w3.org/2001/XMLSchema-instance" xsi:noNamespaceSchemaLocation="urn:magento:framework:Acl/etc/acl.xsd">
	<acl>
		<resources>
			<resource id="Magento_Backend::admin">
				<resource id="Magento_Backend::stores">
					<resource id="Magento_Backend::stores_settings">
						<resource id="Magento_Config::config">
							<resource id="MagePal_CustomShippingRate::config_magepal_customshippingrate" title="MagePal Custom Shipping Rate"/>
						</resource>
					</resource>
				</resource>
			</resource>
		</resources>
	</acl>
</config>
