<?xml version="1.0"?>
<!--
/**
 * Copyright © 2015 Smj. All rights reserved.
 * See COPYING.txt for license details.
 *
 *
 * Smj_ZohoCrm extension
 * NOTICE OF LICENSE
 *
 * @category  Smj
 * @package   Smj_ZohoCrm
 * @author CanhND
 */
-->
<config xmlns:xsi="http://www.w3.org/2001/XMLSchema-instance" xsi:noNamespaceSchemaLocation="urn:magento:module:Magento_Config:etc/system_file.xsd">
    <system>
        <tab id="Smj" translate="label" sortOrder="200">
            <label>Smj</label>
        </tab>
        <section id="zohocrm" translate="label" type="text" sortOrder="30" showInDefault="1" showInWebsite="1" showInStore="1">
            <class>separator-top</class>
            <label>ZohoCRM Config</label>
            <tab>Smj</tab>
            <resource>Smj_Zohocrm::config_zohocrm</resource>
            <include path="Smj_Zohocrm::zoho/application.xml" />
            <include path="Smj_Zohocrm::zoho/synchronization.xml" />
            <include path="Smj_Zohocrm::zoho/synchronize.xml" />
        </section>
    </system>
</config>
