<?xml version="1.0"?>
<!--
/**
 *
 * Copyright © 2016 Medma. All rights reserved.
 * 
 * DISCLAIMER
 *
 * Do not edit or add to this file if you wish to upgrade this extension to newer
 * version in the future.
 *
 */
-->
<config xmlns:xsi="http://www.w3.org/2001/XMLSchema-instance" xsi:noNamespaceSchemaLocation="urn:magento:framework:Acl/etc/acl.xsd">
    <acl>
        <resources>
            <resource id="Magento_Backend::admin">
                <resource id="Medma_MarketPlace::MarketPlaceAdminMenu" title="Medma Marketplace" sortOrder="5" >
                    <resource id="Medma_MarketPlace::dashboard" title="Dashboard" sortOrder="10" />
                    <resource id="Medma_MarketPlace::pending_products" title="Pending Products" sortOrder="11" />
                    <resource id="Medma_MarketPlace::manage_vendors" title="Manage Vendors" sortOrder="12" />
                    <resource id="Medma_MarketPlace::manage_feedbacks" title="Manage Feedbacks" sortOrder="13" />
                    <resource id="Medma_MarketPlace::manage_verification_documents" title="Manage Verification Documents" sortOrder="14" />
                    <resource id="Medma_MarketPlace::configuration" title="Marketplace Configuration" sortOrder="14" />
                </resource>
                 <resource id="Medma_MarketPlace::MarketplaceVendorMenu" title="Vendor" sortOrder="150" >
                    <resource id="Medma_MarketPlace::vendor_menus" title="Vendor" sortOrder="10">
                        <resource id="Medma_MarketPlace::my_account_section" title="Vendor Account" sortOrder="20" />    
                        <resource id="Medma_MarketPlace::orders" title="Orders" sortOrder="30" />                          
                        <resource id="Medma_MarketPlace::transactions" title="Transactions" sortOrder="40" />
                        <resource id="Medma_MarketPlace::reviews" title="Reviews" sortOrder="50" />                          
                        <resource id="Medma_MarketPlace::vendor_configuration" title="Marketplace Configuration" sortOrder="60" />  
                        <resource id="Medma_MarketPlace::manage_messages"  title="Manage Messages" sortOrder="70" />
                    </resource>
                </resource>

				<resource id="Magento_Backend::stores">
                    <resource id="Magento_Backend::stores_settings">
                        <resource id="Magento_Config::config">
                            <resource id="Medma_MarketPlace::marketplace" title="Marketplace" translate="title" />
                            <resource id="Medma_MarketPlace::productsearch" title="Product Search" translate="title" />
                            <resource id="Medma_MarketPlace::messaging" title="Messaging" translate="title" />
                            <resource id="Medma_MarketPlace::medma_report" title="Report" translate="title" />
                        </resource>
                    </resource>
                </resource>
            </resource>
            <resource id="Magento_Backend::admin">
                <resource id="Medma_MarketPlace::MarketplaceVendorMenu" title="Vendor" sortOrder="150" >
                    <resource id="Medma_MarketPlace::vendor_menus" title="Vendor" sortOrder="10">
                        <resource id="Medma_MarketPlace::my_account_section" title="Vendor Account" sortOrder="20" />    
                        <resource id="Medma_MarketPlace::orders" title="Orders" sortOrder="30" />                          
                        <resource id="Medma_MarketPlace::transactions" title="Transactions" sortOrder="40" />
                        <resource id="Medma_MarketPlace::reviews" title="Reviews" sortOrder="50" />                          
                        <resource id="Medma_MarketPlace::vendor_configuration" title="Marketplace Configuration" sortOrder="60" />  
                        <resource id="Medma_MarketPlace::manage_messages"  title="Manage Messages" sortOrder="70" />
                    </resource>
                </resource>
            </resource>
        </resources>
    </acl>
</config>
