<?xml version="1.0"?>
<!--
/**
 *
 * Copyright © 2016 Medma. All rights reserved.
 * 
 * DISCLAIMER
 *
 * Do not edit or add to this file if you wish to upgrade this extension to newer
 * version in the future.
 *
 */
-->
<config xmlns:xsi="http://www.w3.org/2001/XMLSchema-instance"  xsi:noNamespaceSchemaLocation="../../../../../../lib/internal/Magento/Framework/Event/etc/events.xsd">
 <!-- <event name="sales_order_place_after">
       <observer name="new_vendor_order" instance="Medma\MarketPlace\Observer\PlaceOrderEmailToVendor" />
   </event> -->
   <event name="checkout_submit_all_after">
       <observer name="order_admin_commission" instance="Medma\MarketPlace\Observer\OrderAdminCommissionAndSendMail" />
   </event>

   <event name="customer_register_success">
       <observer name="customer_observer" instance="Medma\MarketPlace\Observer\Customerdatasaveobserver" />
   </event>
   
</config>