<?xml version="1.0"?>
<!--
 /**
 * Copyright © 2015 Magenest. All rights reserved.
 * See COPYING.txt for license details.
 *
 * Magenest_ZohoCrm extension
 * NOTICE OF LICENSE
 *
 * @category  Magenest
 * @package   Magenest_ZohoCrm
 * @author ThaoPV
 */
-->
<config xmlns:xsi="http://www.w3.org/2001/XMLSchema-instance" xsi:noNamespaceSchemaLocation="urn:magento:framework:Acl/etc/acl.xsd">
    <acl>
        <resources>
            <resource id="Magento_Backend::admin">
                <resource id="Magenest_ZohocrmIntegration::zohocrm" title="ZohoCRM Integration" sortOrder="100">
                    <resource id="Magenest_ZohocrmIntegration::mapping" title="Field Mapping"  sortOrder="10" />
                    <resource id="Magenest_ZohocrmIntegration::report" title="View Report" sortOrder="20" />
                    <resource id="Magenest_ZohocrmIntegration::queue" title="Queue" sortOrder="30" />
                </resource>
                <resource id="Magento_Backend::stores">
                    <resource id="Magento_Backend::stores_settings">
                        <resource id="Magento_Config::config">
                            <resource id="Magenest_ZohocrmIntegration::config_zohocrm" title="ZohoCRM Integration Section" sortOrder="200"/>
                        </resource>
                    </resource>
                </resource>
            </resource>
        </resources>
    </acl>
</config>
