<?xml version="1.0"?>
<!--
/**
 * Copyright © 2015 Smj. All rights reserved.
 * See COPYING.txt for license details.
 *
 *
 * Smj_ZohoCrm extension
 * NOTICE OF LICENSE
 *
 * @category  Smj
 * @package   Smj_ZohoCrm
 * @author Mukund
 */
-->
<config xmlns:xsi="http://www.w3.org/2001/XMLSchema-instance" xsi:noNamespaceSchemaLocation="urn:magento:framework:Event/etc/events.xsd">
    <event name="customer_delete_commit_after">
        <observer name="zohocrm_deleteCustomer" instance="Smj\Zohocrm\Observer\Customer\Delete"/>
    </event>
    <event name="adminhtml_customer_save_after">
        <observer name="zohocrm_updateCustomer" instance="Smj\Zohocrm\Observer\Customer\Edit"/>
    </event>
    <event name="catalog_product_save_after">
        <observer name="zohocrm_syncProduct" instance="Smj\Zohocrm\Observer\Product\Update"/>
    </event>
    <event name="catalog_product_delete_commit_after">
        <observer name="zohocrm_deleteProduct" instance="Smj\Zohocrm\Observer\Product\Delete"/>
    </event>
    <event name="sales_order_save_commit_after">
        <observer name="zohocrm_syncOrder" instance="Smj\Zohocrm\Observer\SalesOrder\Create"/>
    </event>
    <event name="catalogrule_rule_save_commit_after">
        <observer name="zohocrm_syncCampaign" instance="Smj\Zohocrm\Observer\Campaign\Update"/>
    </event>
    <event name="sales_order_invoice_save_commit_after">
        <observer name="zohocrm_syncInvoice" instance="Smj\Zohocrm\Observer\Invoice\Create"/>
    </event>
</config>