<?xml version="1.0"?>
<!--
/**
 * Copyright © 2015 Magenest. All rights reserved.
 * See COPYING.txt for license details.
 *
 *
 * Magenest_ZohoCrm extension
 * NOTICE OF LICENSE
 *
 * @category  Magenest
 * @package   Magenest_ZohoCrm
 * @author CanhND
 */
-->
<config xmlns:xsi="http://www.w3.org/2001/XMLSchema-instance" xsi:noNamespaceSchemaLocation="urn:magento:module:Magento_Config:etc/system_file.xsd">
    <system>
        <tab id="magenest" translate="label" sortOrder="200">
            <label>Magenest</label>
        </tab>
        <section id="zohocrm" translate="label" type="text" sortOrder="30" showInDefault="1" showInWebsite="1" showInStore="1">
            <class>separator-top</class>
            <label>ZohoCRM Config</label>
            <tab>magenest</tab>
            <resource>Magenest_ZohocrmIntegration::config_zohocrm</resource>
            <include path="Magenest_ZohocrmIntegration::zoho/application.xml" />
            <include path="Magenest_ZohocrmIntegration::zoho/synchronization.xml" />
            <include path="Magenest_ZohocrmIntegration::zoho/synchronize.xml" />
        </section>
    </system>
</config>
