<?xml version="1.0"?>
<!--
/**
 * Mageplaza_LayeredNavigation extension
 *                     NOTICE OF LICENSE
 * 
 *                     This source file is subject to the Mageplaza License
 *                     that is bundled with this package in the file LICENSE.txt.
 *                     It is also available through the world-wide-web at this URL:
 *                     https://www.mageplaza.com/LICENSE.txt
 * 
 *                     @category  Mageplaza
 *                     @package   Mageplaza_LayeredNavigation
 *                     @copyright Copyright (c) 2016
 *                     @license   https://www.mageplaza.com/LICENSE.txt
 */
-->
<config xmlns:xsi="http://www.w3.org/2001/XMLSchema-instance" xsi:noNamespaceSchemaLocation="urn:magento:framework:Acl/etc/acl.xsd">
    <acl>
        <resources>
            <resource id="Magento_Backend::admin">
                <resource id="Mageplaza_Core::menu">
                    <resource id="Mageplaza_LayeredNavigation::layer" title="Layered Navigation" sortOrder="30">
                        <resource id="Mageplaza_LayeredNavigation::configuration" title="Configuration" sortOrder="10"/>
                    </resource>
                </resource>
                <resource id="Magento_Backend::stores">
                    <resource id="Magento_Backend::stores_settings">
                        <resource id="Magento_Config::config">
                            <resource id="Mageplaza_LayeredNavigation::layered_navigation" title="Layer Navigation"/>
                        </resource>
                    </resource>
                </resource>
            </resource>
        </resources>
    </acl>
</config>
