<?xml version="1.0"?>

<config xmlns:xsi="http://www.w3.org/2001/XMLSchema-instance" xsi:noNamespaceSchemaLocation="urn:magento:framework:ObjectManager/etc/config.xsd">
    <virtualType name="categoryFilterList" type="Magento\Catalog\Model\Layer\FilterList">
        <arguments>
            <argument name="filters" xsi:type="array">
                <item name="attribute" xsi:type="string">Mageplaza\LayeredNavigation\Model\Layer\Filter\Attribute</item>
                <item name="price" xsi:type="string">Mageplaza\LayeredNavigation\Model\Layer\Filter\Price</item>
                <!--<item name="decimal" xsi:type="string">Mageplaza\LayeredNavigation\Model\Layer\Filter\Decimal</item>-->
                <!--<item name="category" xsi:type="string">Mageplaza\LayeredNavigation\Model\Layer\Filter\Category</item>-->
            </argument>
        </arguments>
    </virtualType>
    <virtualType name="Mageplaza\LayeredNavigation\Model\ResourceModel\Fulltext\CollectionFactory" type="Magento\Catalog\Model\ResourceModel\Product\CollectionFactory">
        <arguments>
            <argument name="instanceName" xsi:type="string">Mageplaza\LayeredNavigation\Model\ResourceModel\Fulltext\Collection</argument>
        </arguments>
    </virtualType>
    <type name="Magento\CatalogSearch\Model\Layer\Category\ItemCollectionProvider">
        <arguments>
            <argument name="collectionFactory" xsi:type="object">Mageplaza\LayeredNavigation\Model\ResourceModel\Fulltext\CollectionFactory</argument>
        </arguments>
    </type>
</config>
