<?xml version="1.0"?>
<config xmlns:xsi="http://www.w3.org/2001/XMLSchema-instance" xsi:noNamespaceSchemaLocation="urn:magento:framework:Api/etc/extension_attributes.xsd">
    <extension_attributes for="Magento\Quote\Api\Data\CartInterface">
        <attribute code="lc_delivery_date" type="string" />
        <attribute code="lc_delivery_date_time" type="string" />
    </extension_attributes>
    <extension_attributes for="Magento\Sales\Api\Data\OrderInterface">
        <attribute code="lc_delivery_date" type="string" />
        <attribute code="lc_delivery_date_time" type="string" />
    </extension_attributes>
</config>
