<?xml version="1.0"?>

<config xmlns:xsi="http://www.w3.org/2001/XMLSchema-instance" xsi:noNamespaceSchemaLocation="urn:magento:framework:Module/etc/module.xsd">
    <module name="GoMage_LightCheckout" setup_version="1.0.0">
        <sequence>
            <module name="Magento_Checkout"/>
            <module name="Magento_Sales"/>
            <module name="Magento_Shipping"/>
            <module name="Magento_Tax"/>
            <module name="Magento_SalesRule"/>
            <module name="GoMage_Core"/>
        </sequence>
    </module>
</config>
