<?xml version="1.0"?>
<!--
/**
 * Mageplaza_Core extension
 *                     NOTICE OF LICENSE
 * 
 *                     This source file is subject to the Mageplaza License
 *                     that is bundled with this package in the file LICENSE.txt.
 *                     It is also available through the world-wide-web at this URL:
 *                     https://www.mageplaza.com/LICENSE.txt
 * 
 *                     @category  Mageplaza
 *                     @package   Mageplaza_Core
 *                     @copyright Copyright (c) 2016
 *                     @license   https://www.mageplaza.com/LICENSE.txt Mageplaza License
 */
-->
<config xmlns:xsi="http://www.w3.org/2001/XMLSchema-instance" xsi:noNamespaceSchemaLocation="urn:magento:framework:Acl/etc/acl.xsd">
    <acl>
        <resources>
            <resource id="Magento_Backend::admin">
                <resource id="Mageplaza_Core::menu" title="Mageplaza Extensions" sortOrder="50" />
                <resource id="Mageplaza_Core::partners" title="Mageplaza Partners" sortOrder="10"/>
            </resource>
        </resources>
    </acl>
</config>
