<?xml version="1.0"?>
<!--
/**
 *
 * Copyright © 2016 Medma. All rights reserved.
 * 
 * DISCLAIMER
 *
 * Do not edit or add to this file if you wish to upgrade this extension to newer
 * version in the future.
 *
 */
-->
<config xmlns:xsi="http://www.w3.org/2001/XMLSchema-instance" xsi:noNamespaceSchemaLocation="urn:magento:module:Magento_Config:etc/system_file.xsd">
    <system>
        <tab id="medma_tab" translate="label" sortOrder="400">
            <label>Medma</label>
        </tab>
        <section id="marketplace" translate="label" type="text" sortOrder="100" showInDefault="1" showInWebsite="1" showInStore="1">
            <label>Market Place</label>
            <tab>medma_tab</tab>
            <resource>Medma_MarketPlace::marketplace</resource>
            <group id="general" translate="label" sortOrder="10" showInDefault="1" showInWebsite="1" showInStore="1">
				<label>General Options</label>
                <field id="vendor_role" translate="label" type="select" sortOrder="10" showInDefault="1" showInWebsite="1" showInStore="1">
					<label>Vendor Roles</label>
					<comment>Please select the role which will work as vendor role.</comment>
				    <source_model>Medma\MarketPlace\Model\System\Config\Source\Roles</source_model>
				</field>
				 <field id="product_view_layout" translate="label" type="select" sortOrder="20" showInDefault="1" showInWebsite="1" showInStore="1">
                    <label>Product View Layout</label>
                    <source_model>Magento\Cms\Model\Page\Source\PageLayout</source_model>
                </field>
                 <field id="display_seller_information_on_frontend" translate="label" type="select" sortOrder="30" showInDefault="1" showInWebsite="1" showInStore="1">
                    <label>Display Seller Information On Frontend</label>
                     <source_model>Medma\MarketPlace\Model\System\Config\Source\Yesno</source_model>
                </field>
                  <field id="sell_products_on_installment" translate="label" type="select" sortOrder="40" showInDefault="1" showInWebsite="1" showInStore="1">
                    <label>Vendor Can Sell Products On Installment</label>
                     <source_model>Medma\MarketPlace\Model\System\Config\Source\Yesno</source_model>
                </field>
                   <field id="shop_info_display" translate="label" type="select" sortOrder="50" showInDefault="1" showInWebsite="1" showInStore="1">
                    <label>Shop Information Display on</label>
                    <source_model>Medma\MarketPlace\Model\System\Config\Source\ShopInfo</source_model>
                </field>
                
                <field id="product_info_layout" translate="label" type="hidden" sortOrder="50" showInDefault="0" showInWebsite="1" showInStore="1">
                </field>
                
                <field id="right_left_layout" translate="label" type="hidden" sortOrder="50" showInDefault="0" showInWebsite="1" showInStore="1">
                </field>
                
			</group>  

             <group id="vendor_enquiry" translate="label" sortOrder="20" showInDefault="1" showInWebsite="1" showInStore="1">
                <label>Sender Name for Enquiry Email</label>
                <field id="name" translate="label" type="text" sortOrder="10" showInDefault="1" showInWebsite="1" showInStore="1">
                    <label>Sender Name for Enquiry Email</label>
                    
                </field>
                <field id="email" translate="label" type="text" sortOrder="20" showInDefault="1" showInWebsite="1" showInStore="1">
                  <label>Sender Email Id for Enquiry Email</label>
                
                </field>
              </group>  
			
             <group id="vendor_registration" translate="label" sortOrder="30" showInDefault="1" showInWebsite="1" showInStore="1">
				<label>Vendor Registration Options</label>
                <field id="files_allowed" translate="label" type="text" sortOrder="10" showInDefault="1" showInWebsite="1" showInStore="1">
					<label>File(s) allowed to upload</label>
					<comment>Enter comma separated file type. For Example, jpg, jpeg, pdf, png</comment>
				    
				</field>
				<field id="max_allowed_file_size" translate="label" type="text" sortOrder="20" showInDefault="1" showInWebsite="1" showInStore="1">
                    <label>Maximum allowed file size</label>
                    <comment>Please enter maximum allowed file size in Mb(s).</comment>
                </field>
                <field id="request_seller_top_link" translate="label" type="select" sortOrder="30" showInDefault="1" showInWebsite="1" showInStore="1">
                    <label>Show Seller Registration link to Top Links</label>
                     <source_model>Medma\MarketPlace\Model\System\Config\Source\Yesno</source_model>
                </field>
                 <field id="request_seller_label" translate="label" type="text" sortOrder="40" showInDefault="1" showInWebsite="1" showInStore="1">
                    <label>Show Seller Registration label to Top Links</label>
                </field>
             </group>   
             
             <group id="email" translate="label" sortOrder="40" showInDefault="1" showInWebsite="1" showInStore="1">
				<label>New Vendor Order Email Options</label>
                <field id="email_sender" translate="label" type="select" sortOrder="10" showInDefault="1" showInWebsite="1" showInStore="1">
					<label>New Vendor Order Email Sender</label>
					<source_model>Magento\Config\Model\Config\Source\Email\Identity</source_model>	
				</field>
				<field id="email_template" translate="label" type="select" sortOrder="10" showInDefault="1" showInWebsite="1" showInStore="1">
					<label>New Vendor Order Email Template</label>	
					<source_model>Magento\Config\Model\Config\Source\Email\Template</source_model>
				</field>
			</group>  
			
			  <group id="vendor_registration_email" translate="label" sortOrder="50" showInDefault="1" showInWebsite="1" showInStore="1">
				<label>Vendor Registration Email</label>
                <field id="enable_registration_email" translate="label" type="select" sortOrder="10" showInDefault="1" showInWebsite="1" showInStore="1">
					<label>Enabled</label>
					<source_model>Medma\MarketPlace\Model\System\Config\Source\Yesno</source_model>
				</field>
				<field id="email_receiver" translate="label" type="select" sortOrder="20" showInDefault="1" showInWebsite="1" showInStore="1">
					<label>Receive Vendor Registration Notification Email On</label>	
					<source_model>Magento\Config\Model\Config\Source\Email\Identity</source_model>	
				</field>
				<field id="email_template" translate="label" type="select" sortOrder="30" showInDefault="1" showInWebsite="1" showInStore="1">
					<label>Email Template</label>
					 <source_model>Magento\Config\Model\Config\Source\Email\Template</source_model>	
				</field>
			</group>
			
			
			 <group id="vendor_activation_email" translate="label" sortOrder="60" showInDefault="1" showInWebsite="1" showInStore="1">
				<label>Vendor Activation Email</label>
                <field id="active_vendor_email" translate="label" type="select" sortOrder="10" showInDefault="1" showInWebsite="1" showInStore="1">
					<label>Enabled</label>
					<source_model>Medma\MarketPlace\Model\System\Config\Source\Yesno</source_model>
				</field>
				<field id="email_sender" translate="label" type="select" sortOrder="20" showInDefault="1" showInWebsite="1" showInStore="1">
					<label>Email Sender</label>	
					<source_model>Magento\Config\Model\Config\Source\Email\Identity</source_model>	
				</field>
				<field id="email_template" translate="label" type="select" sortOrder="30" showInDefault="1" showInWebsite="1" showInStore="1">
					<label>Email Template</label>	
					<source_model>Magento\Config\Model\Config\Source\Email\Template</source_model>	
				</field>
			</group>
			
			 <group id="registration_confirmation_email" translate="label" sortOrder="70" showInDefault="1" showInWebsite="1" showInStore="1">
				<label>Registration Confirmation Email</label>
                <field id="active_vendor_email" translate="label" type="select" sortOrder="10" showInDefault="1" showInWebsite="1" showInStore="1">
					<label>Enabled</label>
					<source_model>Medma\MarketPlace\Model\System\Config\Source\Yesno</source_model>
				</field>
				<field id="email_sender" translate="label" type="select" sortOrder="20" showInDefault="1" showInWebsite="1" showInStore="1">
					<label>Email Sender</label>
					<source_model>Magento\Config\Model\Config\Source\Email\Identity</source_model>		
				</field>
				<field id="email_template" translate="label" type="select" sortOrder="30" showInDefault="1" showInWebsite="1" showInStore="1">
					<label>Email Template</label>	
					<source_model>Magento\Config\Model\Config\Source\Email\Template</source_model>
				</field>
			</group>
			 
        </section>
        <section id="productsearch" translate="label" type="text" sortOrder="200" showInDefault="1" showInWebsite="1" showInStore="1">
            <label>Product Search</label>
            <tab>medma_tab</tab>
            <resource>Medma_MarketPlace::productsearch</resource>
            <group id="general" translate="label" sortOrder="10" showInDefault="1" showInWebsite="1" showInStore="1">
				<label>Enable Price Comparison Search</label>
                <field id="extension_status" translate="label" type="select" sortOrder="10" showInDefault="1" showInWebsite="1" showInStore="1">
					<label>Enable/Disable Extension</label>
				    <source_model>Magento\Config\Model\Config\Source\Yesno</source_model>
				    <comment>Note:-All vendors based on particular product search will be listed all together.</comment>
				</field>
			</group>
			<group id="vendor" translate="label" sortOrder="20" showInDefault="1" showInWebsite="1" showInStore="1">
				<label>Enable Vendor Search On Site</label>
                <field id="search" translate="label" type="select" sortOrder="10" showInDefault="1" showInWebsite="1" showInStore="1">
					<label>Enable/Disable</label>
				    <source_model>Magento\Config\Model\Config\Source\Yesno</source_model>
				</field>
				 <field id="vendorlabel" translate="label" type="text" sortOrder="40" showInDefault="1" showInWebsite="1" showInStore="1">
                    <label>Link Label</label>
                </field>
			</group>    	 
        </section>
        <section id="messaging" translate="label" type="text" sortOrder="300" showInDefault="1" showInWebsite="1" showInStore="1">
            <label>Messaging</label>
            <tab>medma_tab</tab>
            <resource>Medma_MarketPlace::messaging</resource>
            <group id="general" translate="label" sortOrder="10" showInDefault="1" showInWebsite="1" showInStore="1">
				<label>Medma Messaging</label>
                <field id="extension_status" translate="label" type="select" sortOrder="10" showInDefault="1" showInWebsite="1" showInStore="1">
					<label>Enable/Disable Extension</label>
				    <source_model>Magento\Config\Model\Config\Source\Yesno</source_model>
				</field>
			</group>
		</section>
		<section id="report" translate="label" type="text" sortOrder="400" showInDefault="1" showInWebsite="1" showInStore="1">
            <label>Report</label>
            <tab>medma_tab</tab>
            <resource>Medma_MarketPlace::medma_report</resource>
            <group id="general" translate="label" type="text" sortOrder="1" showInDefault="1" showInWebsite="0" showInStore="0">
                <label>General Settings</label>
                <field id="enabled" translate="label" type="select" sortOrder="1" showInDefault="1" showInWebsite="0" showInStore="0">
                    <label>Module Enabled</label>
                    <source_model>Magento\Config\Model\Config\Source\Yesno</source_model>
                    <comment>Select 'Yes' to enable the module, 'No' otherwise.</comment>
                </field>
                 <field id="to" translate="label comment" type="text" sortOrder="2" showInDefault="1" showInWebsite="1" showInStore="1">
                    <label>Send Email To</label>
                    <comment>Comma-separated</comment>
                </field>
                 <field id="copy_to" translate="label comment" type="text" sortOrder="3" showInDefault="1" showInWebsite="1" showInStore="1">
                    <label>Send Email Copy To</label>
                    <comment>Comma-separated</comment>
                </field>
                <field id="bcc_to" translate="label comment" type="text" sortOrder="4" showInDefault="1" showInWebsite="1" showInStore="1">
                    <label>Send Bcc To</label>
                    <comment>Comma-separated</comment>
                </field>
            </group>
		</section>
		<section id="carriers" translate="label" type="text" sortOrder="320" showInDefault="1" showInWebsite="1"
                 showInStore="1">
            <group id="marketplaceshipping" translate="label" type="text" sortOrder="0" showInDefault="1" showInWebsite="1"
                   showInStore="1">
                <label>Medma Product Wise Shipping</label>
                <field id="active" translate="label" type="select" sortOrder="1" showInDefault="1" showInWebsite="1"
                       showInStore="0">
                    <label>Enabled</label>
                    <source_model>Magento\Config\Model\Config\Source\Yesno</source_model>
                </field>
                <field id="name" translate="label" type="text" sortOrder="3" showInDefault="1" showInWebsite="1"
                       showInStore="1">
                    <label>Method Name</label>
                </field>
                <field id="price" translate="label" type="text" sortOrder="5" showInDefault="1" showInWebsite="1"
                       showInStore="0">
                    <label>Price</label>
                    <validate>validate-number validate-zero-or-greater</validate>
                </field>
                <field id="handling_type" translate="label" type="select" sortOrder="7" showInDefault="1"
                       showInWebsite="1" showInStore="0">
                    <label>Calculate Handling Fee</label>
                    <source_model>Magento\Shipping\Model\Source\HandlingType</source_model>
                </field>
                <field id="handling_fee" translate="label" type="text" sortOrder="8" showInDefault="1" showInWebsite="1"
                       showInStore="0">
                    <label>Handling Fee</label>
                    <validate>validate-number validate-zero-or-greater</validate>
                </field>
                <field id="sort_order" translate="label" type="text" sortOrder="100" showInDefault="1" showInWebsite="1"
                       showInStore="0">
                    <label>Sort Order</label>
                </field>
                <field id="title" translate="label" type="text" sortOrder="2" showInDefault="1" showInWebsite="1"
                       showInStore="1">
                    <label>Title</label>
                </field>
                <field id="sallowspecific" translate="label" type="select" sortOrder="90" showInDefault="1"
                       showInWebsite="1" showInStore="0">
                    <label>Ship to Applicable Countries</label>
                    <frontend_class>shipping-applicable-country</frontend_class>
                    <source_model>Magento\Shipping\Model\Config\Source\Allspecificcountries</source_model>
                </field>
                <field id="specific_country" translate="label" type="multiselect" sortOrder="91" showInDefault="1"
                       showInWebsite="1" showInStore="0">
                    <label>Ship to Specific Countries</label>
                    <source_model>Magento\Directory\Model\Config\Source\Country</source_model>
                    <can_be_empty>1</can_be_empty>
                </field>
                <field id="show_method" translate="label" type="select" sortOrder="92" showInDefault="1"
                       showInWebsite="1" showInStore="0">
                    <label>Show Method if Not Applicable</label>
                    <source_model>Magento\Config\Model\Config\Source\Yesno</source_model>
                </field>
                <field id="specific_error_msg" translate="label" type="textarea" sortOrder="80" showInDefault="1"
                       showInWebsite="1" showInStore="1">
                    <label>Displayed Error Message</label>
                </field>
            </group>
        </section>
    </system>
</config>
