<?xml version="1.0"?>
<!--
/**
 * Copyright © 2016 Magento. All rights reserved.
 * See COPYING.txt for license details.
 * Contributor company: iPragmatech solution Pvt Ltd.
 * Contributor Author : Manish Kumar
 */
-->
<routes xmlns:xsi="http://www.w3.org/2001/XMLSchema-instance"
        xsi:noNamespaceSchemaLocation="urn:magento:module:Magento_Webapi:etc/webapi.xsd">

    <route url="/V1/ipwishlist/items" method="GET">
        <service class="Ipragmatech\Ipwishlist\Api\WishlistManagementInterface" method="getWishlistForCustomer"/>
        <resources>
            <resource ref="self" />
        </resources>
        <data>
            <parameter name="customerId" force="true">%customer_id%</parameter>
        </data>
    </route>
    <route url="/V1/ipwishlist/info" method="GET">
        <service class="Ipragmatech\Ipwishlist\Api\WishlistManagementInterface" method="getWishlistInfo"/>
        <resources>
            <resource ref="self" />
        </resources>
        <data>
            <parameter name="customerId" force="true">%customer_id%</parameter>
        </data>
    </route>
    <route url="/V1/ipwishlist/add/:productId" method="POST">
        <service class="Ipragmatech\Ipwishlist\Api\WishlistManagementInterface" method="addWishlistForCustomer"/>
        <resources>
            <resource ref="self" />
        </resources>
        <data>
            <parameter name="customerId" force="true">%customer_id%</parameter>
        </data>
    </route>
    <route url="/V1/ipwishlist/delete/:wishlistItemId" method="DELETE">
        <service class="Ipragmatech\Ipwishlist\Api\WishlistManagementInterface" method="deleteWishlistForCustomer"/>
        <resources>
            <resource ref="self" />
        </resources>
        <data>
            <parameter name="customerId" force="true">%customer_id%</parameter>
        </data>
    </route>
</routes>