<?xml version="1.0"?>
<!--
/**
 * Pmclain_Stripe extension
 * NOTICE OF LICENSE
 *
 * This source file is subject to the OSL 3.0 License
 * that is bundled with this package in the file LICENSE.txt.
 * It is also available through the world-wide-web at this URL:
 * https://opensource.org/licenses/osl-3.0.php
 *
 * @category  Pmclain
 * @package   Pmclain_Stripe
 * @copyright Copyright (c) 2017-2018
 * @license   Open Software License (OSL 3.0)
 */
-->
<config xmlns:xsi="http://www.w3.org/2001/XMLSchema-instance" xsi:noNamespaceSchemaLocation="urn:magento:framework:ObjectManager/etc/config.xsd">
  <type name="Magento\Checkout\Model\CompositeConfigProvider">
    <arguments>
      <argument name="configProviders" xsi:type="array">
        <item name="pmclain_stripe_config_provider" xsi:type="object">Pmclain\Stripe\Model\Ui\ConfigProvider</item>
      </argument>
    </arguments>
  </type>
  <type name="Pmclain\Stripe\Block\Info">
    <arguments>
      <argument name="data" xsi:type="array">
        <item xsi:type="string" name="is_secure_mode">1</item>
      </argument>
    </arguments>
  </type>
  <type name="Magento\Payment\Model\CcGenericConfigProvider">
    <arguments>
      <argument name="methodCodes" xsi:type="array">
        <item name="pmclain_stripe" xsi:type="const">Pmclain\Stripe\Model\Ui\ConfigProvider::CODE</item>
      </argument>
    </arguments>
  </type>
  <type name="Magento\Vault\Model\Ui\TokensConfigProvider">
    <arguments>
      <argument name="tokenUiComponentProviders" xsi:type="array">
        <item name="pmclain_stripe" xsi:type="object">Pmclain\Stripe\Model\Ui\TokenUiComponentProvider</item>
      </argument>
    </arguments>
  </type>
</config>