<?xml version="1.0"?>
<!--
/**
 * Pmclain_Stripe extension
 * NOTICE OF LICENSE
 *
 * This source file is subject to the OSL 3.0 License
 * that is bundled with this package in the file LICENSE.txt.
 * It is also available through the world-wide-web at this URL:
 * https://opensource.org/licenses/osl-3.0.php
 *
 * @category  Pmclain
 * @package   Pmclain_Stripe
 * @copyright Copyright (c) 2017-2018
 * @license   Open Software License (OSL 3.0)
 */
-->
<config xmlns:xsi="http://www.w3.org/2001/XMLSchema-instance" xsi:noNamespaceSchemaLocation="urn:magento:framework:Event/etc/events.xsd">
  <event name="payment_method_assign_data_pmclain_stripe">
    <observer name="pmclain_stripe_data_assign" instance="Pmclain\Stripe\Observer\DataAssignObserver" />
  </event>
  <event name="payment_method_assign_data_pmclain_stripe_vault">
    <observer name="pmclain_stripe_data_assign" instance="Pmclain\Stripe\Observer\DataAssignObserver" />
  </event>
  <event name="vault_payment_token_save_commit_after">
    <observer name="pmclain_stripe_vault_payment_token_save_commit_after" instance="Pmclain\Stripe\Observer\VaultTokenObserver" />
  </event>
</config>